year,number,date,id_obj,extraordinary,corpus_events_citing,toc_pages_est,corpus_material_pages_est,issue_pages_est
1989,1,1989-01-03,9060,false,0,1,0,48
1989,2,1989-01-06,9061,false,0,1,0,48
1989,3,1989-01-10,9062,false,0,1,0,48
1989,4,1989-01-13,9078,false,1,1,3,48
1989,5,1989-01-17,9079,false,0,1,0,48
1989,6,1989-01-20,9098,false,0,1,0,48
1989,7,1989-01-24,9118,false,0,1,0,48
1989,8,1989-01-27,9119,false,0,1,0,48
1989,9,1989-01-31,9120,false,0,1,0,48
1989,10,1989-02-03,9121,false,0,1,0,48
1989,11,1989-02-07,9122,false,0,1,0,48
1989,12,1989-02-10,9140,false,0,1,0,48
1989,13,1989-02-14,9141,false,1,1,4,48
1989,14,1989-02-17,9142,false,0,1,0,48
1989,15,1989-02-21,9198,false,0,1,0,48
1989,16,1989-02-24,9199,false,0,1,0,48
1989,17,1989-02-28,9200,false,0,1,0,48
1989,18,1989-03-07,9201,false,0,1,0,48
1989,19,1989-03-10,9218,false,0,1,0,48
1989,20,1989-03-14,9219,false,0,1,0,48
1989,21,1989-03-17,9220,false,0,1,0,48
1989,22,1989-03-21,9263,false,0,1,0,48
1989,23,1989-03-24,9264,false,0,1,0,48
1989,24,1989-03-28,9265,false,0,1,0,48
1989,25,1989-03-31,9266,false,0,1,0,48
1989,26,1989-04-04,9267,false,0,1,0,48
1989,27,1989-04-07,9268,false,0,1,0,48
1989,28,1989-04-11,9278,false,0,1,0,48
1989,29,1989-04-14,9279,false,0,1,0,48
1989,30,1989-04-18,9298,false,0,1,0,48
1989,31,1989-04-21,9299,false,0,1,0,48
1989,32,1989-04-25,9318,false,0,1,0,48
1989,33,1989-04-28,9338,false,0,1,0,48
1989,34,1989-05-05,9340,false,0,1,0,48
1989,35,1989-05-09,9341,false,0,1,0,48
1989,36,1989-05-12,9358,false,0,1,0,48
1989,37,1989-05-16,9398,false,3,1,10,48
1989,38,1989-05-19,9418,false,2,1,6,48
1989,39,1989-05-23,9419,false,0,1,0,48
1989,40,1989-05-26,9420,false,0,1,0,48
1989,41,1989-05-30,9421,false,0,1,0,48
1989,42,1989-06-02,9438,false,0,1,0,48
1989,43,1989-06-06,9439,false,0,1,0,48
1989,44,1989-06-09,9442,false,0,1,0,48
1989,45,1989-06-13,9458,false,2,1,6,48
1989,46,1989-06-16,9485,false,2,1,6,48
1989,47,1989-06-20,9498,false,0,1,0,48
1989,48,1989-06-23,9499,false,0,1,0,48
1989,49,1989-06-27,9500,false,0,1,0,48
1989,50,1989-06-30,9522,false,0,1,0,48
1989,51,1989-07-04,9523,false,0,1,0,48
1989,52,1989-07-07,9524,false,0,1,0,48
1989,53,1989-07-11,9538,false,0,1,0,48
1989,54,1989-07-14,9539,false,0,1,0,48
1989,55,1989-07-18,9558,false,0,1,0,48
1989,56,1989-07-21,9578,false,0,1,0,48
1989,57,1989-07-25,9598,false,0,1,0,48
1989,58,1989-07-28,9599,false,0,1,0,48
1989,59,1989-08-01,9618,false,0,1,0,48
1989,60,1989-08-04,9638,false,0,1,0,48
1989,61,1989-08-08,9639,false,0,1,0,48
1989,62,1989-08-11,9660,false,0,1,0,48
1989,63,1989-08-15,9678,false,0,1,0,48
1989,64,1989-08-18,9683,false,0,1,0,48
1989,65,1989-08-22,9684,false,0,1,0,48
1989,66,1989-08-25,9698,false,0,1,0,48
1989,67,1989-08-29,9699,false,0,1,0,48
1989,68,1989-09-01,9738,false,0,1,0,48
1989,69,1989-09-05,9778,false,0,1,0,48
1989,70,1989-09-08,9779,false,0,1,0,48
1989,71,1989-09-12,9803,false,0,1,0,48
1989,72,1989-09-15,9804,false,0,1,0,48
1989,73,1989-09-19,9818,false,0,1,0,48
1989,74,1989-09-22,9819,false,0,1,0,48
1989,75,1989-09-26,9820,false,0,1,0,48
1989,76,1989-09-29,9821,false,0,1,0,48
1989,77,1989-10-03,9822,false,0,1,0,48
1989,78,1989-10-06,9838,false,0,1,0,48
1989,79,1989-10-10,9839,false,0,1,0,48
1989,80,1989-10-13,9840,false,0,1,0,48
1989,81,1989-10-17,9858,false,0,1,0,48
1989,82,1989-10-20,9859,false,0,1,0,48
1989,83,1989-10-24,9860,false,0,1,0,48
1989,84,1989-10-27,9878,false,0,1,0,48
1989,85,1989-10-31,9898,false,0,1,0,48
1989,86,1989-11-03,9899,false,0,1,0,48
1990,1,1990-01-02,7898,false,0,1,0,48
1990,2,1990-01-05,7903,false,0,1,0,48
1990,3,1990-01-09,7918,false,0,1,0,48
1990,4,1990-01-12,7919,false,1,1,3,48
1990,5,1990-01-16,7920,false,0,1,0,48
1990,6,1990-01-19,7921,false,1,1,3,48
1990,7,1990-01-23,7922,false,0,1,0,48
1990,8,1990-01-26,8058,false,0,1,0,48
1990,9,1990-01-30,8106,false,0,1,0,48
1990,10,1990-02-02,8138,false,2,1,6,48
1990,11,1990-02-06,8159,false,0,1,0,48
1990,12,1990-02-09,8198,false,1,1,4,48
1990,13,1990-02-13,8199,false,0,1,0,48
1990,14,1990-02-16,8200,false,0,1,0,48
1990,15,1990-02-20,8203,false,0,1,0,48
1990,16,1990-02-23,8218,false,0,1,0,48
1990,17,1990-02-27,8221,false,0,1,0,48
1990,18,1990-03-02,8238,false,0,1,0,48
1990,19,1990-03-06,8258,false,0,1,0,48
1990,20,1990-03-09,8282,false,1,1,3,48
1990,21,1990-03-13,8283,false,4,1,12,48
1990,22,1990-03-16,8298,false,0,1,0,48
1990,23,1990-03-20,8318,false,0,1,0,48
1990,24,1990-03-23,8319,false,0,1,0,48
1990,25,1990-03-27,8338,false,0,1,0,48
1990,26,1990-03-30,8362,false,0,1,0,48
1990,27,1990-04-03,8363,false,0,1,0,48
1990,28,1990-04-06,8378,false,0,1,0,48
1990,29,1990-04-10,8379,false,0,1,0,48
1990,30,1990-04-13,8380,false,6,1,18,48
1990,31,1990-04-17,8399,false,2,1,6,48
1990,32,1990-04-20,8400,false,0,1,0,48
1990,33,1990-04-24,8418,false,0,1,0,48
1990,34,1990-04-27,8419,false,0,1,0,48
1990,35,1990-05-02,8420,false,0,1,0,48
1990,36,1990-05-04,8438,false,0,1,0,48
1990,37,1990-05-08,8441,false,0,1,0,48
1990,38,1990-05-11,8442,false,0,1,0,48
1990,39,1990-05-15,8458,false,0,1,0,48
1990,40,1990-05-18,8459,false,0,1,0,48
1990,41,1990-05-22,8478,false,0,1,0,48
1990,42,1990-05-25,8498,false,0,1,0,48
1990,43,1990-05-29,8518,false,0,1,0,48
1990,44,1990-06-01,8519,false,0,1,0,48
1990,45,1990-06-05,8520,false,0,1,0,48
1990,46,1990-06-08,8538,false,0,1,0,48
1990,47,1990-06-12,8539,false,1,1,4,48
1990,48,1990-06-15,8540,false,0,1,0,48
1990,49,1990-06-19,8541,false,0,1,0,48
1990,50,1990-06-22,8543,false,0,1,0,48
1990,51,1990-06-26,8558,false,0,1,0,48
1990,52,1990-06-29,8579,false,0,1,0,48
1990,53,1990-07-03,8580,false,0,1,0,48
1990,54,1990-07-06,8598,false,0,1,0,48
1990,55,1990-07-10,8599,false,0,1,0,48
1990,56,1990-07-13,8600,false,0,1,0,48
1990,57,1990-07-17,8603,false,0,1,0,48
1990,58,1990-07-20,8618,false,0,1,0,48
1990,59,1990-07-24,8619,false,0,1,0,48
1990,60,1990-07-27,8638,false,0,1,0,48
1990,61,1990-07-31,8639,false,0,1,0,48
1990,62,1990-08-03,8658,false,0,1,0,48
1990,63,1990-08-07,8678,false,0,1,0,48
1990,64,1990-08-10,8683,false,0,1,0,48
1990,65,1990-08-14,8684,false,0,1,0,48
1990,66,1990-08-17,8685,false,0,1,0,48
1990,67,1990-08-21,8718,false,0,1,0,48
1990,68,1990-08-24,8739,false,0,1,0,48
1990,69,1990-08-28,8758,false,0,1,0,48
1990,70,1990-08-31,8778,false,0,1,0,48
1990,71,1990-09-04,8798,false,0,1,0,48
1990,72,1990-09-07,8799,false,0,1,0,48
1990,73,1990-09-11,8801,false,0,1,0,48
1990,74,1990-09-14,8818,false,0,1,0,48
1990,75,1990-09-18,8823,false,0,1,0,48
1990,76,1990-09-21,8824,false,0,1,0,48
1990,77,1990-09-25,8825,false,0,1,0,48
1990,78,1990-09-28,8826,false,0,1,0,48
1990,79,1990-10-02,8827,false,0,1,0,48
1990,80,1990-10-05,8828,false,0,1,0,48
1990,81,1990-10-09,8829,false,1,1,3,48
1990,82,1990-10-12,8830,false,0,1,0,48
1990,83,1990-10-16,8831,false,0,1,0,48
1990,84,1990-10-19,8832,false,0,1,0,48
1990,85,1990-10-23,8833,false,0,1,0,48
1990,86,1990-10-26,8834,false,0,1,0,48
1990,87,1990-10-30,8835,false,0,1,0,48
1990,88,1990-11-02,8836,false,0,1,0,48
1990,89,1990-11-06,8837,false,0,1,0,48
1990,90,1990-11-09,8838,false,0,1,0,48
1990,91,1990-11-13,8839,false,0,1,0,48
1990,92,1990-11-16,8840,false,0,1,0,48
1990,93,1990-11-20,8841,false,0,1,0,48
1990,94,1990-11-23,8842,false,2,1,6,48
1990,95,1990-11-27,8843,false,0,1,0,48
1990,96,1990-11-30,8844,false,0,1,0,48
1990,97,1990-12-04,8845,false,0,1,0,48
1990,98,1990-12-07,8846,false,0,1,0,48
1990,99,1990-12-11,8847,false,0,1,0,48
1990,100,1990-12-14,8848,false,1,1,4,48
1990,101,1990-12-18,8849,false,0,1,0,48
1990,102,1990-12-21,8850,false,1,1,3,48
1990,103,1990-12-25,8851,false,1,1,3,48
1990,104,1990-12-28,8852,false,0,1,0,48
1991,1,1991-01-04,6504,false,3,1,9,48
1991,2,1991-01-08,6505,false,0,1,0,48
1991,3,1991-01-11,6507,false,0,1,0,48
1991,4,1991-01-15,6508,false,0,1,0,48
1991,5,1991-01-18,6546,false,0,1,0,48
1991,6,1991-01-22,6547,false,0,1,0,48
1991,7,1991-01-25,6548,false,0,1,0,48
1991,8,1991-01-29,6549,false,0,1,0,48
1991,9,1991-02-01,6551,false,0,1,0,48
1991,10,1991-02-05,6552,false,0,1,0,48
1991,11,1991-02-08,6571,false,0,1,0,48
1991,12,1991-02-12,6573,false,0,1,0,48
1991,13,1991-02-15,6574,false,0,1,0,48
1991,14,1991-02-19,6575,false,0,1,0,48
1991,15,1991-02-22,6579,false,0,1,0,48
1991,16,1991-02-26,6598,false,0,1,0,48
1991,17,1991-03-01,6599,false,1,1,3,48
1991,18,1991-03-05,6638,false,0,1,0,48
1991,19,1991-03-08,6658,false,0,1,0,48
1991,20,1991-03-12,6661,false,1,1,3,48
1991,21,1991-03-15,6678,false,4,1,13,48
1991,22,1991-03-19,6679,false,0,1,0,48
1991,23,1991-03-22,6700,false,1,1,3,48
1991,24,1991-03-26,6739,false,0,1,0,48
1991,25,1991-03-29,6742,false,0,1,0,48
1991,26,1991-04-02,6758,false,0,1,0,48
1991,27,1991-04-05,6780,false,2,1,6,48
1991,28,1991-04-09,6783,false,0,1,0,48
1991,29,1991-04-12,6819,false,0,1,0,48
1991,30,1991-04-16,6878,false,0,1,0,48
1991,31,1991-04-19,6882,false,1,1,4,48
1991,32,1991-04-23,6883,false,1,1,3,48
1991,33,1991-04-26,6884,false,0,1,0,48
1991,34,1991-04-30,6898,false,1,1,3,48
1991,35,1991-05-03,6899,false,1,1,4,48
1991,36,1991-05-07,6902,false,1,1,3,48
1991,37,1991-05-10,6963,false,0,1,0,48
1991,38,1991-05-14,6964,false,1,1,4,48
1991,39,1991-05-17,6966,false,0,1,0,48
1991,40,1991-05-21,6980,false,0,1,0,48
1991,41,1991-05-24,7018,false,0,1,0,48
1991,42,1991-05-28,7022,false,1,1,3,48
1991,43,1991-05-31,7023,false,0,1,0,48
1991,44,1991-06-04,7024,false,0,1,0,48
1991,45,1991-06-07,7058,false,0,1,0,48
1991,46,1991-06-11,7063,false,0,1,0,48
1991,47,1991-06-14,7079,false,0,1,0,48
1991,48,1991-06-18,7118,false,2,1,7,48
1991,49,1991-06-21,7120,false,0,1,0,48
1991,50,1991-06-25,7121,false,2,1,6,48
1991,51,1991-06-28,7124,false,0,1,0,48
1991,52,1991-07-02,7138,false,0,1,0,48
1991,53,1991-07-05,7139,false,0,1,0,48
1991,54,1991-07-09,7178,false,0,1,0,48
1991,55,1991-07-12,7200,false,4,1,14,48
1991,56,1991-07-13,7201,false,1,1,3,48
1991,57,1991-07-16,7218,false,0,1,0,48
1991,58,1991-07-19,7219,false,0,1,0,48
1991,59,1991-07-23,7220,false,1,1,4,48
1991,60,1991-07-26,7238,false,1,1,3,48
1991,61,1991-07-30,7239,false,1,1,4,48
1991,62,1991-08-02,7241,false,1,1,4,48
1991,63,1991-08-03,7259,false,0,1,0,48
1991,64,1991-08-06,7260,false,0,1,0,48
1991,65,1991-08-09,7261,false,2,1,8,48
1991,66,1991-08-13,7263,false,0,1,0,48
1991,67,1991-08-16,7279,false,2,1,7,48
1991,68,1991-08-20,7419,false,2,1,6,48
1991,69,1991-08-22,7420,false,1,1,3,48
1991,70,1991-08-27,7421,false,0,1,0,48
1991,71,1991-08-30,7438,false,1,1,4,48
1991,72,1991-09-03,7459,false,5,1,15,48
1991,73,1991-09-06,7461,false,0,1,0,48
1991,74,1991-09-10,7463,false,1,1,3,48
1991,75,1991-09-13,7482,false,0,1,0,48
1991,76,1991-09-13,7483,true,0,1,0,48
1991,77,1991-09-17,7499,false,2,1,6,48
1991,78,1991-09-20,7599,false,1,1,4,48
1991,79,1991-09-24,7601,false,0,1,0,48
1991,80,1991-09-27,7618,false,1,1,3,48
1991,81,1991-10-01,7638,false,0,1,0,48
1991,82,1991-10-04,7639,false,1,1,3,48
1991,83,1991-10-08,7643,false,1,1,4,48
1991,84,1991-10-11,7659,false,1,1,4,48
1991,85,1991-10-15,7661,false,1,1,3,48
1991,86,1991-10-18,7662,false,1,1,3,48
1991,87,1991-10-22,7683,false,0,1,0,48
1991,88,1991-10-25,7688,false,0,1,0,48
1991,89,1991-10-29,7689,false,0,1,0,48
1991,90,1991-11-01,7690,false,1,1,3,48
1991,91,1991-11-05,7691,false,0,1,0,48
1991,92,1991-11-08,7692,false,0,1,0,48
1991,93,1991-11-12,7693,false,1,1,4,48
1991,94,1991-11-15,7694,false,0,1,0,48
1991,95,1991-11-19,7695,false,0,1,0,48
1991,96,1991-11-22,7696,false,0,1,0,48
1991,97,1991-11-26,7697,false,0,1,0,48
1991,98,1991-11-28,7698,false,0,1,0,48
1991,99,1991-11-29,7699,false,0,1,0,48
1991,100,1991-12-03,7700,false,0,1,0,48
1991,101,1991-12-06,7701,false,0,1,0,48
1991,102,1991-12-10,7702,false,0,1,0,48
1991,103,1991-12-13,7703,false,0,1,0,48
1991,104,1991-12-17,7704,false,1,1,3,48
1991,105,1991-12-19,7705,false,4,1,12,48
1991,106,1991-12-20,7706,false,1,1,3,48
1991,107,1991-12-24,7707,false,0,1,0,48
1991,108,1991-12-28,7708,false,0,1,0,48
1991,109,1991-12-30,7709,false,0,1,0,48
1992,1,1992-01-03,6214,false,1,1,3,48
1992,2,1992-01-07,6226,false,0,1,0,48
1992,3,1992-01-10,6227,false,1,1,3,48
1992,4,1992-01-14,6248,false,0,1,0,48
1992,5,1992-01-17,6249,false,0,1,0,48
1992,6,1992-01-21,6266,false,0,1,0,48
1992,7,1992-01-24,6269,false,0,1,0,48
1992,8,1992-01-28,6270,false,0,1,0,48
1992,9,1992-01-31,6275,false,0,1,0,48
1992,10,1992-02-04,6276,false,0,1,0,48
1992,11,1992-02-07,6279,false,0,1,0,48
1992,12,1992-02-11,6280,false,0,1,0,48
1992,13,1992-02-14,6283,false,0,1,0,48
1992,14,1992-02-18,6285,false,0,1,0,48
1992,15,1992-02-21,6288,false,2,1,6,48
1992,16,1992-02-25,6289,false,0,1,0,48
1992,17,1992-02-28,6298,false,0,1,0,48
1992,18,1992-03-02,6301,false,3,1,11,48
1992,19,1992-03-06,6312,false,1,1,4,48
1992,20,1992-03-10,6314,false,0,1,0,48
1992,21,1992-03-13,6333,false,0,1,0,48
1992,22,1992-03-17,6395,false,0,1,0,48
1992,23,1992-03-19,6396,false,1,1,3,48
1992,24,1992-03-24,6701,false,0,1,0,48
1992,25,1992-03-27,6702,false,1,1,3,48
1992,26,1992-03-31,6703,false,1,1,3,48
1992,27,1992-04-02,6704,false,0,1,0,48
1992,28,1992-04-03,6719,false,2,1,6,48
1992,29,1992-04-07,6722,false,0,1,0,48
1992,30,1992-04-10,6738,false,0,1,0,48
1992,31,1992-04-14,6759,false,0,1,0,48
1992,32,1992-04-17,6781,false,0,1,0,48
1992,33,1992-04-21,6782,false,0,1,0,48
1992,34,1992-04-24,6798,false,2,1,7,48
1992,35,1992-04-28,6820,false,0,1,0,48
1992,36,1992-05-05,6821,false,0,1,0,48
1992,37,1992-05-06,6840,false,0,1,0,48
1992,38,1992-05-08,6858,false,1,1,3,48
1992,39,1992-05-12,6879,false,0,1,0,48
1992,40,1992-05-15,6885,false,0,1,0,48
1992,41,1992-05-19,6900,false,1,1,3,48
1992,42,1992-05-22,6918,false,0,1,0,48
1992,43,1992-05-26,6958,false,0,1,0,48
1992,44,1992-05-29,6959,false,0,1,0,48
1992,45,1992-06-02,6960,false,0,1,0,48
1992,46,1992-06-04,6965,false,1,1,3,48
1992,47,1992-06-09,6981,false,0,1,0,48
1992,48,1992-06-12,6998,false,0,1,0,48
1992,49,1992-06-16,7019,false,0,1,0,48
1992,50,1992-06-19,7038,false,0,1,0,48
1992,51,1992-06-23,7062,false,0,1,0,48
1992,52,1992-06-26,7078,false,0,1,0,48
1992,53,1992-06-30,7098,false,0,1,0,48
1992,54,1992-07-03,7101,false,2,1,6,48
1992,55,1992-07-07,7108,false,0,1,0,48
1992,56,1992-07-10,7119,false,1,1,4,48
1992,57,1992-07-14,7123,false,0,1,0,48
1992,58,1992-07-17,7125,false,0,1,0,48
1992,59,1992-07-21,7179,false,1,1,3,48
1992,60,1992-07-24,7180,false,2,1,6,48
1992,61,1992-07-28,7181,false,1,1,3,48
1992,62,1992-07-31,7182,false,1,1,3,48
1992,63,1992-08-04,7183,false,0,1,0,48
1992,64,1992-08-07,7187,false,0,1,0,48
1992,65,1992-08-11,7188,false,0,1,0,48
1992,66,1992-08-14,7198,false,1,1,3,48
1992,67,1992-08-18,7199,false,0,1,0,48
1992,68,1992-08-21,7226,false,0,1,0,48
1992,69,1992-08-25,7240,false,0,1,0,48
1992,70,1992-08-28,7258,false,1,1,4,48
1992,71,1992-09-01,7262,false,0,1,0,48
1992,72,1992-09-04,7278,false,0,1,0,48
1992,73,1992-09-08,7322,false,0,1,0,48
1992,74,1992-09-11,7323,false,1,1,4,48
1992,75,1992-09-15,7338,false,0,1,0,48
1992,76,1992-09-18,7358,false,0,1,0,48
1992,77,1992-09-22,7378,false,0,1,0,48
1992,78,1992-09-25,7384,false,0,1,0,48
1992,79,1992-09-29,7385,false,0,1,0,48
1992,80,1992-10-02,7386,false,0,1,0,48
1992,81,1992-10-06,7387,false,0,1,0,48
1992,82,1992-10-09,7398,false,0,1,0,48
1992,83,1992-10-13,7418,false,0,1,0,48
1992,84,1992-10-16,7422,false,0,1,0,48
1992,85,1992-10-20,7458,false,0,1,0,48
1992,86,1992-10-23,7460,false,0,1,0,48
1992,87,1992-10-27,7478,false,1,1,3,48
1992,88,1992-10-30,7498,false,1,1,3,48
1992,89,1992-11-03,7538,false,0,1,0,48
1992,90,1992-11-06,7562,false,0,1,0,48
1992,91,1992-11-10,7563,false,0,1,0,48
1992,92,1992-11-13,7564,false,0,1,0,48
1992,93,1992-11-17,7565,false,0,1,0,48
1992,94,1992-11-20,7578,false,1,1,3,48
1992,95,1992-11-24,7598,false,0,1,0,48
1992,96,1992-11-27,7602,false,1,1,4,48
1992,97,1992-12-01,7619,false,0,1,0,48
1992,98,1992-12-04,7644,false,1,1,4,48
1992,99,1992-12-08,7658,false,0,1,0,48
1992,100,1992-12-10,7660,false,2,1,6,48
1992,101,1992-12-15,7678,false,0,1,0,48
1992,102,1992-12-18,7684,false,2,1,6,48
1992,103,1992-12-22,7686,false,0,1,0,48
1992,104,1992-12-24,7687,false,1,1,3,48
1992,105,1992-12-31,7685,false,1,1,3,48
1993,1,1993-01-05,5785,false,0,1,0,48
1993,2,1993-01-08,5786,false,0,1,0,48
1993,3,1993-01-12,5787,false,0,1,0,48
1993,4,1993-01-15,5788,false,0,1,0,48
1993,5,1993-01-19,5789,false,1,1,3,48
1993,6,1993-01-22,5790,false,0,1,0,48
1993,7,1993-01-26,5791,false,0,1,0,48
1993,8,1993-01-29,5792,false,1,1,3,48
1993,9,1993-02-02,5793,false,1,1,3,48
1993,10,1993-02-05,5794,false,2,1,6,48
1993,11,1993-02-09,5795,false,0,1,0,48
1993,12,1993-02-12,5796,false,1,1,3,48
1993,13,1993-02-16,5797,false,0,1,0,48
1993,14,1993-02-19,5798,false,0,1,0,48
1993,15,1993-02-23,5799,false,0,1,0,48
1993,16,1993-02-26,5800,false,0,1,0,48
1993,17,1993-03-02,5801,false,0,1,0,48
1993,18,1993-03-05,5802,false,0,1,0,48
1993,19,1993-03-09,5803,false,0,1,0,48
1993,20,1993-03-12,5804,false,0,1,0,48
1993,21,1993-03-16,5805,false,0,1,0,48
1993,22,1993-03-19,5806,false,0,1,0,48
1993,23,1993-03-23,5807,false,0,1,0,48
1993,24,1993-03-26,5808,false,0,1,0,48
1993,25,1993-03-29,5809,false,1,1,4,48
1993,26,1993-03-30,5810,false,1,1,4,48
1993,27,1993-04-02,5811,false,1,1,3,48
1993,28,1993-04-05,5812,false,0,1,0,48
1993,29,1993-04-06,5813,false,0,1,0,48
1993,30,1993-04-09,5814,false,2,1,7,48
1993,31,1993-04-13,5815,false,0,1,0,48
1993,32,1993-04-16,5816,false,0,1,0,48
1993,33,1993-04-20,5817,false,0,1,0,48
1993,34,1993-04-23,5818,false,0,1,0,48
1993,35,1993-04-27,5884,false,0,1,0,48
1993,36,1993-04-30,5885,false,1,1,3,48
1993,37,1993-04-30,5886,true,1,1,4,48
1993,38,1993-05-04,5887,false,0,1,0,48
1993,39,1993-05-07,5888,false,0,1,0,48
1993,40,1993-05-11,5889,false,1,1,4,48
1993,41,1993-05-14,5938,false,0,1,0,48
1993,42,1993-05-18,5939,false,0,1,0,48
1993,43,1993-05-21,5942,false,0,1,0,48
1993,44,1993-05-25,5943,false,1,1,4,48
1993,45,1993-05-28,5958,false,0,1,0,48
1993,46,1993-06-01,5959,false,2,1,7,48
1993,47,1993-06-04,5964,false,0,1,0,48
1993,48,1993-06-04,5965,true,1,1,3,48
1993,49,1993-06-08,5984,false,0,1,0,48
1993,50,1993-06-11,6004,false,0,1,0,48
1993,51,1993-06-15,6005,false,0,1,0,48
1993,52,1993-06-18,6006,false,0,1,0,48
1993,53,1993-06-22,6024,false,0,1,0,48
1993,54,1993-06-25,6025,false,0,1,0,48
1993,55,1993-06-26,6026,false,0,1,0,48
1993,56,1993-06-29,6046,false,2,1,6,48
1993,57,1993-07-02,6047,false,1,1,3,48
1993,58,1993-07-06,6071,false,0,1,0,48
1993,59,1993-07-09,6072,false,3,1,11,48
1993,60,1993-07-13,6073,false,0,1,0,48
1993,61,1993-07-16,6074,false,1,1,3,48
1993,62,1993-07-20,6075,false,0,1,0,48
1993,63,1993-07-23,6076,false,0,1,0,48
1993,64,1993-07-27,6077,false,1,1,3,48
1993,65,1993-07-30,6078,false,0,1,0,48
1993,66,1993-08-03,6093,false,0,1,0,48
1993,67,1993-08-06,6094,false,1,1,4,48
1993,68,1993-08-10,6116,false,0,1,0,48
1993,69,1993-08-13,6117,false,2,1,7,48
1993,70,1993-08-17,6118,false,0,1,0,48
1993,71,1993-08-20,6144,false,0,1,0,48
1993,72,1993-08-24,6145,false,1,1,3,48
1993,73,1993-08-27,6147,false,1,1,3,48
1993,74,1993-08-31,6151,false,0,1,0,48
1993,75,1993-09-03,6152,false,1,1,4,48
1993,76,1993-09-07,6171,false,0,1,0,48
1993,77,1993-09-10,6172,false,0,1,0,48
1993,78,1993-09-14,6206,false,0,1,0,48
1993,79,1993-09-17,6207,false,0,1,0,48
1993,80,1993-09-21,6247,false,0,1,0,48
1993,81,1993-09-24,6250,false,0,1,0,48
1993,82,1993-09-28,6267,false,0,1,0,48
1993,83,1993-09-30,6271,true,2,1,7,48
1993,84,1993-10-01,6278,false,0,1,0,48
1993,85,1993-10-05,6282,false,1,1,4,48
1993,86,1993-10-08,6287,false,0,1,0,48
1993,87,1993-10-12,6291,false,1,1,3,48
1993,88,1993-10-15,6299,false,0,1,0,48
1993,89,1993-10-19,6317,false,0,1,0,48
1993,90,1993-10-22,6318,false,2,1,6,48
1993,91,1993-10-26,6335,false,0,1,0,48
1993,92,1993-10-29,6338,false,0,1,0,48
1993,93,1993-11-02,6341,false,1,1,3,48
1993,94,1993-11-05,6375,false,0,1,0,48
1993,95,1993-11-09,6379,false,0,1,0,48
1993,96,1993-11-12,6380,false,0,1,0,48
1993,97,1993-11-16,6381,false,0,1,0,48
1993,98,1993-11-19,6399,false,0,1,0,48
1993,99,1993-11-23,6400,false,0,1,0,48
1993,100,1993-11-26,6438,false,0,1,0,48
1993,101,1993-11-30,6439,false,1,1,3,48
1993,102,1993-12-03,6458,false,1,1,4,48
1993,103,1993-12-07,6463,false,1,1,3,48
1993,104,1993-12-10,6465,false,0,1,0,48
1993,105,1993-12-14,6469,false,0,1,0,48
1993,106,1993-12-17,6470,false,0,1,0,48
1993,107,1993-12-21,6471,false,1,1,4,48
1993,108,1993-12-24,6472,false,0,1,0,48
1993,109,1993-12-28,6473,false,0,1,0,48
1993,110,1993-12-30,6474,true,1,1,3,48
1993,111,1993-12-31,6475,false,0,1,0,48
1994,1,1994-01-04,5637,false,0,1,0,48
1994,2,1994-01-07,5638,false,2,1,7,48
1994,3,1994-01-11,5639,false,0,1,0,48
1994,4,1994-01-14,5640,false,0,1,0,48
1994,5,1994-01-18,5641,false,0,1,0,48
1994,6,1994-01-21,5763,false,0,1,0,48
1994,7,1994-01-25,5764,false,0,1,0,48
1994,8,1994-01-27,5765,true,1,1,3,48
1994,9,1994-01-28,5766,false,0,1,0,48
1994,10,1994-02-01,5767,false,0,1,0,48
1994,11,1994-02-04,5768,false,0,1,0,48
1994,12,1994-02-08,5769,false,1,1,4,48
1994,13,1994-02-11,5770,false,1,1,3,48
1994,14,1994-02-15,5771,false,0,1,0,48
1994,15,1994-02-18,5772,false,1,1,3,48
1994,16,1994-02-22,5773,false,0,1,0,48
1994,17,1994-02-25,5774,false,0,1,0,48
1994,18,1994-03-01,5775,false,1,1,3,48
1994,19,1994-03-02,5776,true,1,1,3,48
1994,20,1994-03-08,5777,false,0,1,0,48
1994,21,1994-03-10,5778,true,0,1,0,48
1994,22,1994-03-15,5779,false,0,1,0,48
1994,23,1994-03-18,5780,false,0,1,0,48
1994,24,1994-03-22,5781,false,1,1,4,48
1994,25,1994-03-25,5782,false,1,1,3,48
1994,26,1994-03-29,5783,false,0,1,0,48
1994,27,1994-03-31,5784,true,0,1,0,48
1994,28,1994-04-01,5823,false,0,1,0,48
1994,29,1994-04-05,5824,false,0,1,0,48
1994,30,1994-04-08,5843,false,1,1,4,48
1994,31,1994-04-12,5893,false,0,1,0,48
1994,32,1994-04-15,5894,false,0,1,0,48
1994,33,1994-04-19,5913,false,0,1,0,48
1994,34,1994-04-22,5914,false,0,1,0,48
1994,35,1994-04-26,5915,false,0,1,0,48
1994,36,1994-04-29,5916,false,0,1,0,48
1994,37,1994-05-03,5917,false,0,1,0,48
1994,38,1994-05-06,5918,false,2,1,8,48
1994,39,1994-05-10,5920,false,0,1,0,48
1994,40,1994-05-13,5921,false,0,1,0,48
1994,41,1994-05-17,5922,false,0,1,0,48
1994,42,1994-05-20,5923,false,0,1,0,48
1994,43,1994-05-27,5924,false,0,1,0,48
1994,44,1994-05-31,5925,false,0,1,0,48
1994,45,1994-06-03,5960,false,0,1,0,48
1994,46,1994-06-07,5961,false,1,1,4,48
1994,47,1994-06-10,5966,false,0,1,0,48
1994,48,1994-06-14,5967,false,1,1,4,48
1994,49,1994-06-17,5985,false,0,1,0,48
1994,50,1994-06-21,6007,false,0,1,0,48
1994,51,1994-06-24,6008,false,0,1,0,48
1994,52,1994-06-28,6009,false,1,1,3,48
1994,53,1994-07-01,6027,false,0,1,0,48
1994,54,1994-07-05,6028,false,1,1,3,48
1994,55,1994-07-08,6029,false,0,1,0,48
1994,56,1994-07-12,6044,false,0,1,0,48
1994,57,1994-07-15,6045,false,1,1,3,48
1994,58,1994-07-19,6079,false,0,1,0,48
1994,59,1994-07-22,6080,false,0,1,0,48
1994,60,1994-07-26,6081,false,1,1,3,48
1994,61,1994-07-28,6082,false,1,1,3,48
1994,62,1994-08-02,6083,false,0,1,0,48
1994,63,1994-08-05,6084,false,2,1,6,48
1994,64,1994-08-09,6085,false,0,1,0,48
1994,65,1994-08-12,6086,false,0,1,0,48
1994,66,1994-08-16,6095,false,0,1,0,48
1994,67,1994-08-19,6096,false,0,1,0,48
1994,68,1994-08-23,6119,false,0,1,0,48
1994,69,1994-08-26,6120,false,0,1,0,48
1994,70,1994-08-30,6141,false,0,1,0,48
1994,71,1994-09-02,6142,false,0,1,0,48
1994,72,1994-09-06,6143,false,0,1,0,48
1994,73,1994-09-09,6148,false,0,1,0,48
1994,74,1994-09-13,6149,false,0,1,0,48
1994,75,1994-09-16,6150,false,0,1,0,48
1994,76,1994-09-20,6169,false,0,1,0,48
1994,77,1994-09-23,6170,false,1,1,4,48
1994,78,1994-09-27,6208,false,0,1,0,48
1994,79,1994-09-29,6209,true,0,1,0,48
1994,80,1994-09-30,6246,false,1,1,3,48
1994,81,1994-10-04,6251,false,0,1,0,48
1994,82,1994-10-07,6268,false,0,1,0,48
1994,83,1994-10-11,6272,false,0,1,0,48
1994,84,1994-10-14,6277,false,0,1,0,48
1994,85,1994-10-18,6281,false,0,1,0,48
1994,86,1994-10-21,6286,false,0,1,0,48
1994,87,1994-10-25,6290,false,1,1,4,48
1994,88,1994-10-26,6300,true,0,1,0,48
1994,89,1994-10-28,6315,false,1,1,4,48
1994,90,1994-11-01,6316,false,0,1,0,48
1994,91,1994-11-04,6334,false,0,1,0,48
1994,92,1994-11-08,6339,false,0,1,0,48
1994,93,1994-11-11,6340,false,0,1,0,48
1994,94,1994-11-15,6376,false,0,1,0,48
1994,95,1994-11-18,6377,false,1,1,3,48
1994,96,1994-11-22,6378,false,0,1,0,48
1994,97,1994-11-25,6397,false,0,1,0,48
1994,98,1994-11-29,6398,false,1,1,3,48
1994,99,1994-12-02,6418,false,1,1,3,48
1994,100,1994-12-06,6437,false,2,1,7,48
1994,101,1994-12-09,6440,false,1,1,4,48
1994,102,1994-12-13,6457,false,1,1,4,48
1994,103,1994-12-16,6464,false,2,1,7,48
1994,104,1994-12-20,6466,false,0,1,0,48
1994,105,1994-12-23,6468,false,0,1,0,48
1994,106,1994-12-27,6479,false,0,1,0,48
1994,107,1994-12-30,6480,false,0,1,0,48
1995,1,1995-01-03,5225,false,0,1,0,48
1995,2,1995-01-06,5226,false,0,1,0,48
1995,3,1995-01-10,5227,false,1,1,4,48
1995,4,1995-01-12,5228,true,0,1,0,48
1995,5,1995-01-13,5229,false,1,1,3,48
1995,6,1995-01-17,5230,false,1,1,4,48
1995,7,1995-01-20,5231,false,0,1,0,48
1995,8,1995-01-24,5232,false,0,1,0,48
1995,9,1995-01-27,5233,false,1,1,4,48
1995,10,1995-01-31,5234,false,0,1,0,48
1995,11,1995-02-01,5235,true,0,1,0,48
1995,12,1995-02-03,5236,false,1,1,4,48
1995,13,1995-02-03,5237,true,0,1,0,48
1995,14,1995-02-07,5238,false,0,1,0,48
1995,15,1995-02-10,5239,false,0,1,0,48
1995,16,1995-02-14,5240,false,0,1,0,48
1995,17,1995-02-17,5241,false,0,1,0,48
1995,18,1995-02-21,5242,false,0,1,0,48
1995,19,1995-02-24,5243,false,0,1,0,48
1995,20,1995-02-24,5244,true,1,1,3,48
1995,21,1995-02-28,5245,false,0,1,0,48
1995,22,1995-03-07,5246,false,0,1,0,48
1995,23,1995-03-10,5247,false,1,1,3,48
1995,24,1995-03-14,5248,false,1,1,3,48
1995,25,1995-03-17,5249,false,0,1,0,48
1995,26,1995-03-21,5250,false,0,1,0,48
1995,27,1995-03-24,5251,false,0,1,0,48
1995,28,1995-03-28,5252,false,0,1,0,48
1995,29,1995-03-30,5253,true,0,1,0,48
1995,30,1995-03-31,5254,false,0,1,0,48
1995,31,1995-04-04,5255,false,0,1,0,48
1995,32,1995-04-07,5256,false,1,1,3,48
1995,33,1995-04-11,5257,false,0,1,0,48
1995,34,1995-04-14,5258,false,0,1,0,48
1995,35,1995-04-14,5259,true,0,1,0,48
1995,36,1995-04-18,5260,false,0,1,0,48
1995,37,1995-04-21,5261,false,0,1,0,48
1995,38,1995-04-25,5262,false,1,1,4,48
1995,39,1995-04-28,5263,false,0,1,0,48
1995,40,1995-05-02,5264,false,1,1,3,48
1995,41,1995-05-04,5265,true,0,1,0,48
1995,42,1995-05-05,5266,false,0,1,0,48
1995,43,1995-05-09,5267,false,0,1,0,48
1995,44,1995-05-12,5268,false,0,1,0,48
1995,45,1995-05-16,5269,false,1,1,3,48
1995,46,1995-05-19,5270,false,0,1,0,48
1995,47,1995-05-23,5271,false,0,1,0,48
1995,48,1995-05-26,5272,false,1,1,3,48
1995,49,1995-05-30,5273,false,1,1,3,48
1995,50,1995-06-01,5274,true,1,1,3,48
1995,51,1995-06-02,5275,false,0,1,0,48
1995,52,1995-06-06,5276,false,1,1,4,48
1995,53,1995-06-09,5277,false,0,1,0,48
1995,54,1995-06-13,5278,false,0,1,0,48
1995,55,1995-06-16,5279,false,0,1,0,48
1995,56,1995-06-20,5280,false,0,1,0,48
1995,57,1995-06-23,5281,false,1,1,3,48
1995,58,1995-06-27,5284,false,0,1,0,48
1995,59,1995-06-30,5298,false,1,1,3,48
1995,60,1995-07-04,5299,false,1,1,4,48
1995,61,1995-07-07,5300,false,0,1,0,48
1995,62,1995-07-11,5301,false,1,1,4,48
1995,63,1995-07-14,5302,false,2,1,6,48
1995,64,1995-07-18,5303,false,0,1,0,48
1995,65,1995-07-21,5304,false,3,1,9,48
1995,66,1995-07-25,5305,false,2,1,6,48
1995,67,1995-07-28,5306,false,0,1,0,48
1995,68,1995-08-01,5307,false,0,1,0,48
1995,69,1995-08-04,5308,false,2,1,6,48
1995,70,1995-08-08,5309,false,1,1,3,48
1995,71,1995-08-11,5310,false,1,1,4,48
1995,72,1995-08-15,5311,false,1,1,4,48
1995,73,1995-08-18,5312,false,0,1,0,48
1995,74,1995-08-22,5313,false,0,1,0,48
1995,75,1995-08-25,5314,false,2,1,8,48
1995,76,1995-08-29,5315,false,0,1,0,48
1995,77,1995-09-01,5316,false,0,1,0,48
1995,78,1995-09-05,5319,false,0,1,0,48
1995,79,1995-09-07,5320,true,0,1,0,48
1995,80,1995-09-08,5321,false,1,1,3,48
1995,81,1995-09-12,5330,false,0,1,0,48
1995,82,1995-09-13,5331,true,0,1,0,48
1995,83,1995-09-15,5332,false,0,1,0,48
1995,84,1995-09-19,5333,false,0,1,0,48
1995,85,1995-09-22,5334,false,0,1,0,48
1995,86,1995-09-26,5335,false,0,1,0,48
1995,87,1995-09-29,5336,false,4,1,12,48
1995,88,1995-10-03,5337,false,0,1,0,48
1995,89,1995-10-06,5338,false,1,1,3,48
1995,90,1995-10-10,5384,false,0,1,0,48
1995,91,1995-10-13,5385,false,0,1,0,48
1995,92,1995-10-17,5395,false,1,1,3,48
1995,93,1995-10-20,5396,false,0,1,0,48
1995,94,1995-10-24,5439,false,1,1,3,48
1995,95,1995-10-27,5440,false,1,1,3,48
1995,96,1995-10-31,5441,false,0,1,0,48
1995,97,1995-11-03,5544,false,1,1,3,48
1995,98,1995-11-07,5545,false,0,1,0,48
1995,99,1995-11-10,5546,false,0,1,0,48
1995,100,1995-11-14,5572,false,0,1,0,48
1995,101,1995-11-17,5600,false,0,1,0,48
1995,102,1995-11-21,5614,false,2,1,6,48
1995,103,1995-11-24,5615,false,1,1,4,48
1995,104,1995-11-28,5601,false,0,1,0,48
1995,105,1995-12-01,5602,false,0,1,0,48
1995,106,1995-12-05,5573,false,1,1,4,48
1995,107,1995-12-08,5574,false,0,1,0,48
1995,108,1995-12-12,5575,false,0,1,0,48
1995,109,1995-12-15,5576,false,0,1,0,48
1995,110,1995-12-19,5577,false,0,1,0,48
1995,111,1995-12-22,5529,false,0,1,0,48
1995,112,1995-12-27,5530,true,2,1,6,48
1995,113,1995-12-29,5531,false,0,1,0,48
1995,114,1995-12-30,5609,true,0,1,0,48
1996,1,1996-01-02,4982,false,1,1,3,48
1996,2,1996-01-05,4983,false,1,1,3,48
1996,3,1996-01-09,4984,false,0,1,0,48
1996,4,1996-01-12,4985,false,0,1,0,48
1996,5,1996-01-16,4986,false,0,1,0,48
1996,6,1996-01-19,4987,false,0,1,0,48
1996,7,1996-01-23,4988,false,0,1,0,48
1996,8,1996-01-26,4989,false,1,1,4,48
1996,9,1996-01-30,4990,false,0,1,0,48
1996,10,1996-02-02,4991,false,0,1,0,48
1996,11,1996-02-06,4992,false,0,1,0,48
1996,12,1996-02-09,4993,false,4,1,13,48
1996,13,1996-02-13,4994,false,0,1,0,48
1996,14,1996-02-16,4995,false,0,1,0,48
1996,15,1996-02-20,4996,false,0,1,0,48
1996,16,1996-02-23,4997,false,1,1,3,48
1996,17,1996-02-27,4998,false,3,1,9,48
1996,18,1996-03-01,4999,false,0,1,0,48
1996,19,1996-03-05,5000,false,0,1,0,48
1996,20,1996-03-08,5001,false,4,1,13,48
1996,21,1996-03-12,5002,false,1,1,3,48
1996,22,1996-03-15,5003,false,0,1,0,48
1996,23,1996-03-16,5004,true,2,1,8,48
1996,24,1996-03-19,5005,false,1,1,4,48
1996,25,1996-03-22,5026,false,1,1,3,48
1996,26,1996-03-26,5027,false,1,1,4,48
1996,27,1996-03-29,5028,false,0,1,0,48
1996,28,1996-04-02,5029,false,2,1,6,48
1996,29,1996-04-05,5039,false,0,1,0,48
1996,30,1996-04-09,5040,false,1,1,3,48
1996,31,1996-04-12,5041,false,1,1,4,48
1996,32,1996-04-16,5042,false,0,1,0,48
1996,33,1996-04-19,5043,false,1,1,3,48
1996,34,1996-04-23,5044,false,0,1,0,48
1996,35,1996-04-24,5045,true,1,1,3,48
1996,36,1996-04-26,5046,false,0,1,0,48
1996,37,1996-04-30,5047,false,1,1,3,48
1996,38,1996-05-03,5048,false,0,1,0,48
1996,39,1996-05-07,5049,false,1,1,4,48
1996,40,1996-05-10,5050,false,0,1,0,48
1996,41,1996-05-14,5051,false,1,1,4,48
1996,42,1996-05-15,5052,true,1,1,3,48
1996,43,1996-05-17,5054,false,0,1,0,48
1996,44,1996-05-21,5055,false,4,1,12,48
1996,45,1996-05-28,5056,false,1,1,3,48
1996,46,1996-05-29,5057,true,0,1,0,48
1996,47,1996-05-31,5058,false,0,1,0,48
1996,48,1996-06-04,5062,false,0,1,0,48
1996,49,1996-06-07,5063,false,1,1,3,48
1996,50,1996-06-11,5064,false,0,1,0,48
1996,51,1996-06-14,5065,false,2,1,6,48
1996,52,1996-06-18,5066,false,0,1,0,48
1996,53,1996-06-21,5067,false,0,1,0,48
1996,54,1996-06-25,5068,false,0,1,0,48
1996,55,1996-06-28,5069,false,0,1,0,48
1996,56,1996-07-02,5070,false,0,1,0,48
1996,57,1996-07-05,5071,false,0,1,0,48
1996,58,1996-07-09,5072,false,0,1,0,48
1996,59,1996-07-12,5088,false,1,1,3,48
1996,60,1996-07-16,5089,false,0,1,0,48
1996,61,1996-07-19,5099,false,1,1,3,48
1996,62,1996-07-23,5100,false,0,1,0,48
1996,63,1996-07-26,5101,false,0,1,0,48
1996,64,1996-07-30,5102,false,0,1,0,48
1996,65,1996-07-31,5103,true,0,1,0,48
1996,66,1996-08-02,5104,false,0,1,0,48
1996,67,1996-08-06,5105,false,0,1,0,48
1996,68,1996-08-09,5108,false,1,1,3,48
1996,69,1996-08-13,5125,false,0,1,0,48
1996,70,1996-08-16,5126,false,1,1,3,48
1996,71,1996-08-20,5127,false,0,1,0,48
1996,72,1996-08-23,5161,false,2,1,7,48
1996,73,1996-08-27,5162,false,0,1,0,48
1996,74,1996-08-30,5163,false,0,1,0,48
1996,75,1996-09-03,5164,false,1,1,4,48
1996,76,1996-09-06,5182,false,1,1,4,48
1996,77,1996-09-10,5183,false,0,1,0,48
1996,78,1996-09-13,5184,false,0,1,0,48
1996,79,1996-09-17,5219,false,1,1,3,48
1996,80,1996-09-20,5220,false,0,1,0,48
1996,81,1996-09-24,5221,false,0,1,0,48
1996,82,1996-09-27,5222,false,2,1,6,48
1996,83,1996-10-01,5223,false,3,1,9,48
1996,84,1996-10-04,5295,false,2,1,6,48
1996,85,1996-10-08,5296,false,3,1,11,48
1996,86,1996-10-11,5297,false,4,1,12,48
1996,87,1996-10-15,5328,false,1,1,3,48
1996,88,1996-10-18,5329,false,0,1,0,48
1996,89,1996-10-22,5381,false,3,1,11,48
1996,90,1996-10-24,5382,true,2,1,7,48
1996,91,1996-10-25,5383,false,0,1,0,48
1996,92,1996-10-29,5393,false,0,1,0,48
1996,93,1996-11-01,5394,false,1,1,3,48
1996,94,1996-11-05,5436,false,0,1,0,48
1996,95,1996-11-07,5437,true,1,1,3,48
1996,96,1996-11-08,5438,false,0,1,0,48
1996,97,1996-11-12,5541,false,1,1,4,48
1996,98,1996-11-15,5542,false,1,1,4,48
1996,99,1996-11-19,5543,false,0,1,0,48
1996,100,1996-11-22,5566,false,2,1,6,48
1996,101,1996-11-26,5597,false,0,1,0,48
1996,102,1996-11-29,5612,false,0,1,0,48
1996,103,1996-12-03,5613,false,1,1,3,48
1996,104,1996-12-06,5598,false,9,1,27,48
1996,105,1996-12-10,5599,false,1,1,4,48
1996,106,1996-12-13,5567,false,2,1,8,48
1996,107,1996-12-17,5568,false,1,1,3,48
1996,108,1996-12-20,5569,false,0,1,0,48
1996,109,1996-12-27,5570,false,1,1,4,48
1996,110,1996-12-30,5571,true,3,1,9,48
1997,1,1997-01-03,4784,false,0,1,0,48
1997,2,1997-01-07,4785,false,0,1,0,48
1997,3,1997-01-10,4786,false,2,1,7,48
1997,4,1997-01-14,4787,false,0,1,0,48
1997,5,1997-01-17,4788,false,0,1,0,48
1997,6,1997-01-21,4789,false,0,1,0,48
1997,7,1997-01-24,4790,false,0,1,0,48
1997,8,1997-01-28,4791,false,0,1,0,48
1997,9,1997-01-31,4888,false,1,1,3,48
1997,10,1997-02-04,4837,false,1,1,4,48
1997,11,1997-02-05,4838,true,0,1,0,48
1997,12,1997-02-07,4839,false,2,1,7,48
1997,13,1997-02-11,4840,false,0,1,0,48
1997,14,1997-02-14,4841,false,0,1,0,48
1997,15,1997-02-18,4842,false,0,1,0,48
1997,16,1997-02-21,4843,false,1,1,3,48
1997,17,1997-02-25,4844,false,0,1,0,48
1997,18,1997-02-28,4845,false,1,1,3,48
1997,19,1997-03-04,4846,false,0,1,0,48
1997,20,1997-03-07,4847,false,0,1,0,48
1997,21,1997-03-11,4848,false,0,1,0,48
1997,22,1997-03-14,4849,false,0,1,0,48
1997,23,1997-03-18,4850,false,1,1,4,48
1997,24,1997-03-21,4851,false,0,1,0,48
1997,25,1997-03-25,4852,false,0,1,0,48
1997,26,1997-03-28,4853,false,1,1,4,48
1997,27,1997-04-01,4854,false,2,1,7,48
1997,28,1997-04-04,4855,false,2,1,7,48
1997,29,1997-04-08,4856,false,0,1,0,48
1997,30,1997-04-11,4857,false,0,1,0,48
1997,31,1997-04-15,4858,false,0,1,0,48
1997,32,1997-04-18,4859,false,1,1,4,48
1997,33,1997-04-22,4860,false,2,1,8,48
1997,34,1997-04-25,4861,false,1,1,4,48
1997,35,1997-05-02,4862,false,0,1,0,48
1997,36,1997-05-06,4864,false,0,1,0,48
1997,37,1997-05-09,4865,false,0,1,0,48
1997,38,1997-05-13,4866,false,0,1,0,48
1997,39,1997-05-16,4867,false,0,1,0,48
1997,40,1997-05-20,4925,false,1,1,4,48
1997,41,1997-05-23,4926,false,1,1,4,48
1997,42,1997-05-27,4927,false,2,1,7,48
1997,43,1997-05-30,4928,false,1,1,3,48
1997,44,1997-06-03,4929,false,0,1,0,48
1997,45,1997-06-06,4930,false,0,1,0,48
1997,46,1997-06-10,4931,false,0,1,0,48
1997,47,1997-06-13,4932,false,0,1,0,48
1997,48,1997-06-17,4933,false,0,1,0,48
1997,49,1997-06-20,4934,false,1,1,4,48
1997,50,1997-06-24,4935,false,0,1,0,48
1997,51,1997-06-27,4936,false,1,1,3,48
1997,52,1997-07-01,4937,false,0,1,0,48
1997,53,1997-07-04,4938,false,0,1,0,48
1997,54,1997-07-08,4939,false,1,1,4,48
1997,55,1997-07-11,4940,false,3,1,9,48
1997,56,1997-07-15,4941,false,1,1,3,48
1997,57,1997-07-18,4942,false,2,1,6,48
1997,58,1997-07-22,4960,false,2,1,6,48
1997,59,1997-07-25,4972,false,0,1,0,48
1997,60,1997-07-29,4973,false,0,1,0,48
1997,61,1997-08-01,4974,false,2,1,6,48
1997,62,1997-08-05,5036,false,4,1,12,48
1997,63,1997-08-06,5037,true,0,1,0,48
1997,64,1997-08-08,5038,false,0,1,0,48
1997,65,1997-08-12,5093,false,0,1,0,48
1997,66,1997-08-13,5094,true,1,1,4,48
1997,67,1997-08-15,5095,false,0,1,0,48
1997,68,1997-08-19,5111,false,1,1,4,48
1997,69,1997-08-20,5122,true,0,1,0,48
1997,70,1997-08-22,5123,false,0,1,0,48
1997,71,1997-08-26,5124,false,0,1,0,48
1997,72,1997-08-27,5157,true,0,1,0,48
1997,73,1997-08-29,5158,false,0,1,0,48
1997,74,1997-09-02,5159,false,0,1,0,48
1997,75,1997-09-03,5160,true,0,1,0,48
1997,76,1997-09-05,5179,false,0,1,0,48
1997,77,1997-09-09,5180,false,0,1,0,48
1997,78,1997-09-10,5181,true,0,1,0,48
1997,79,1997-09-12,5214,false,0,1,0,48
1997,80,1997-09-16,5215,false,0,1,0,48
1997,81,1997-09-17,5216,true,0,1,0,48
1997,82,1997-09-19,5217,false,1,1,3,48
1997,83,1997-09-23,5218,false,0,1,0,48
1997,84,1997-09-24,5292,true,0,1,0,48
1997,85,1997-09-26,5293,false,2,1,6,48
1997,86,1997-09-30,5294,false,3,1,9,48
1997,87,1997-10-01,5326,true,1,1,3,48
1997,88,1997-10-03,5327,false,1,1,4,48
1997,89,1997-10-07,5378,false,0,1,0,48
1997,90,1997-10-08,5379,true,0,1,0,48
1997,91,1997-10-10,5380,false,0,1,0,48
1997,92,1997-10-14,5390,false,0,1,0,48
1997,93,1997-10-15,5392,true,0,1,0,48
1997,94,1997-10-17,5433,false,0,1,0,48
1997,95,1997-10-21,5434,false,3,1,9,48
1997,96,1997-10-22,5435,true,0,1,0,48
1997,97,1997-10-24,5538,false,2,1,6,48
1997,98,1997-10-28,5539,false,1,1,3,48
1997,99,1997-10-29,5540,true,1,1,3,48
1997,100,1997-10-31,5561,false,4,1,12,48
1997,101,1997-11-04,5594,false,0,1,0,48
1997,102,1997-11-05,5610,true,0,1,0,48
1997,103,1997-11-07,5611,false,0,1,0,48
1997,104,1997-11-11,5595,false,0,1,0,48
1997,105,1997-11-12,5596,true,0,1,0,48
1997,106,1997-11-14,5582,false,1,1,4,48
1997,107,1997-11-18,5583,false,3,1,9,48
1997,108,1997-11-19,5562,true,0,1,0,48
1997,109,1997-11-21,5563,false,1,1,4,48
1997,110,1997-11-25,5565,false,1,1,3,48
1997,111,1997-11-26,5513,true,0,1,0,48
1997,112,1997-11-28,5514,false,2,1,7,48
1997,113,1997-12-02,5515,false,0,1,0,48
1997,114,1997-12-03,5516,true,1,1,4,48
1997,115,1997-12-05,5517,false,1,1,4,48
1997,116,1997-12-09,5518,false,0,1,0,48
1997,117,1997-12-10,5519,true,5,1,15,48
1997,118,1997-12-10,5520,true,1,1,3,48
1997,119,1997-12-12,5521,false,0,1,0,48
1997,120,1997-12-16,5522,false,1,1,3,48
1997,121,1997-12-17,5523,true,0,1,0,48
1997,122,1997-12-19,5524,false,3,1,10,48
1997,123,1997-12-22,5525,true,8,1,27,48
1997,124,1997-12-23,5526,false,5,1,16,48
1997,125,1997-12-29,5527,true,1,1,4,48
1997,126,1997-12-30,5528,false,0,1,0,48
1998,1,1998-01-06,4651,false,0,1,0,48
1998,2,1998-01-07,4652,true,0,1,0,48
1998,3,1998-01-09,4653,false,1,1,4,48
1998,4,1998-01-13,4654,false,0,1,0,48
1998,5,1998-01-14,4655,true,0,1,0,48
1998,6,1998-01-16,4656,false,0,1,0,48
1998,7,1998-01-20,4657,false,1,1,4,48
1998,8,1998-01-21,4658,true,1,1,4,48
1998,9,1998-01-23,4659,false,0,1,0,48
1998,10,1998-01-27,4660,false,1,1,3,48
1998,11,1998-01-29,4661,true,4,1,12,48
1998,12,1998-01-30,4662,false,0,1,0,48
1998,13,1998-02-03,4663,false,0,1,0,48
1998,14,1998-02-04,4664,true,0,1,0,48
1998,15,1998-02-06,4665,false,3,1,9,48
1998,16,1998-02-10,4666,false,0,1,0,48
1998,17,1998-02-11,4667,true,0,1,0,48
1998,18,1998-02-13,4668,false,2,1,7,48
1998,19,1998-02-17,4669,false,0,1,0,48
1998,20,1998-02-18,4670,true,0,1,0,48
1998,21,1998-02-20,4749,false,0,1,0,48
1998,22,1998-02-24,4750,false,2,1,6,48
1998,23,1998-02-25,4751,true,0,1,0,48
1998,24,1998-02-27,4752,false,1,1,3,48
1998,25,1998-03-04,4753,true,0,1,0,48
1998,26,1998-03-06,4754,false,0,1,0,48
1998,27,1998-03-10,4755,false,3,1,10,48
1998,28,1998-03-11,4756,true,0,1,0,48
1998,29,1998-03-13,4757,false,5,1,18,48
1998,30,1998-03-17,4758,false,2,1,6,48
1998,31,1998-03-18,4775,true,0,1,0,48
1998,32,1998-03-20,4776,false,0,1,0,48
1998,33,1998-03-24,4777,false,4,1,12,48
1998,34,1998-03-25,4778,true,0,1,0,48
1998,35,1998-03-27,4779,false,0,1,0,48
1998,36,1998-03-31,4780,false,1,1,3,48
1998,37,1998-04-01,4781,true,2,1,8,48
1998,38,1998-04-03,4782,false,0,1,0,48
1998,39,1998-04-07,4783,false,3,1,9,48
1998,40,1998-04-08,4907,true,0,1,0,48
1998,41,1998-04-10,4908,false,2,1,6,48
1998,42,1998-04-14,4909,false,0,1,0,48
1998,43,1998-04-15,4910,true,0,1,0,48
1998,44,1998-04-17,4911,false,0,1,0,48
1998,45,1998-04-21,4912,false,2,1,6,48
1998,46,1998-04-22,4913,true,0,1,0,48
1998,47,1998-04-24,4914,false,1,1,3,48
1998,48,1998-04-28,4915,false,1,1,3,48
1998,49,1998-04-29,4916,true,0,1,0,48
1998,50,1998-05-05,4917,false,3,1,12,48
1998,51,1998-05-06,4918,true,3,1,12,48
1998,52,1998-05-08,4919,false,4,1,12,48
1998,53,1998-05-12,4920,false,0,1,0,48
1998,54,1998-05-13,4921,true,0,1,0,48
1998,55,1998-05-15,4922,false,0,1,0,48
1998,56,1998-05-19,4923,false,2,1,6,48
1998,57,1998-05-20,4924,true,0,1,0,48
1998,58,1998-05-22,4965,false,2,1,6,48
1998,59,1998-05-26,4970,false,5,1,15,48
1998,60,1998-05-27,4971,true,0,1,0,48
1998,61,1998-05-29,4976,false,1,1,3,48
1998,62,1998-06-02,5033,false,0,1,0,48
1998,63,1998-06-03,5034,true,0,1,0,48
1998,64,1998-06-05,5035,false,1,1,4,48
1998,65,1998-06-09,5096,false,0,1,0,48
1998,66,1998-06-10,5097,true,1,1,4,48
1998,67,1998-06-12,5098,false,0,1,0,48
1998,68,1998-06-16,5110,false,2,1,8,48
1998,69,1998-06-17,5119,true,0,1,0,48
1998,70,1998-06-19,5120,false,3,1,10,48
1998,71,1998-06-23,5121,false,1,1,3,48
1998,72,1998-06-24,5153,true,0,1,0,48
1998,73,1998-06-26,5154,false,3,1,12,48
1998,74,1998-06-30,5155,false,0,1,0,48
1998,75,1998-07-01,5156,true,0,1,0,48
1998,76,1998-07-03,5176,false,2,1,8,48
1998,77,1998-07-07,5177,false,0,1,0,48
1998,78,1998-07-08,5178,true,0,1,0,48
1998,79,1998-07-10,5209,false,2,1,6,48
1998,80,1998-07-14,5210,false,1,1,4,48
1998,81,1998-07-15,5211,true,0,1,0,48
1998,82,1998-07-17,5212,false,0,1,0,48
1998,83,1998-07-21,5213,false,6,1,19,48
1998,84,1998-07-22,5289,true,0,1,0,48
1998,85,1998-07-24,5290,false,5,1,16,48
1998,86,1998-07-28,5291,false,0,1,0,48
1998,87,1998-07-29,5324,true,0,1,0,48
1998,88,1998-07-31,5325,false,2,1,6,48
1998,89,1998-08-03,5375,true,2,1,6,48
1998,90,1998-08-04,5376,false,0,1,0,48
1998,91,1998-08-05,5377,true,2,1,8,48
1998,92,1998-08-07,5388,false,2,1,7,48
1998,93,1998-08-11,5389,false,4,1,12,48
1998,94,1998-08-12,5430,true,1,1,3,48
1998,95,1998-08-14,5431,false,0,1,0,48
1998,96,1998-08-18,5432,false,0,1,0,48
1998,97,1998-08-19,5535,true,0,1,0,48
1998,98,1998-08-21,5536,false,1,1,4,48
1998,99,1998-08-25,5537,false,0,1,0,48
1998,100,1998-08-26,5560,false,0,1,0,48
1998,101,1998-08-28,5591,false,0,1,0,48
1998,102,1998-09-01,5607,false,0,1,0,48
1998,103,1998-09-02,5608,true,0,1,0,48
1998,104,1998-09-04,5592,false,0,1,0,48
1998,105,1998-09-08,5593,false,1,1,3,48
1998,106,1998-09-09,5580,true,0,1,0,48
1998,107,1998-09-11,5581,false,0,1,0,48
1998,108,1998-09-15,5557,false,1,1,3,48
1998,109,1998-09-18,5558,false,0,1,0,48
1998,110,1998-09-23,5559,true,0,1,0,48
1998,111,1998-09-25,5442,false,0,1,0,48
1998,112,1998-09-29,5443,false,0,1,0,48
1998,113,1998-09-30,5444,true,0,1,0,48
1998,114,1998-10-02,5445,false,0,1,0,48
1998,115,1998-10-06,5446,false,0,1,0,48
1998,116,1998-10-07,5447,true,1,1,4,48
1998,117,1998-10-09,5448,false,0,1,0,48
1998,118,1998-10-13,5449,false,0,1,0,48
1998,119,1998-10-14,5450,true,0,1,0,48
1998,120,1998-10-16,5451,false,0,1,0,48
1998,121,1998-10-20,5453,false,0,1,0,48
1998,122,1998-10-21,5454,true,0,1,0,48
1998,123,1998-10-23,5455,false,1,1,4,48
1998,124,1998-10-27,5456,false,1,1,3,48
1998,125,1998-10-28,5457,true,0,1,0,48
1998,126,1998-10-30,5458,false,0,1,0,48
1998,127,1998-10-31,5459,true,1,1,3,48
1998,128,1998-11-03,5460,false,2,1,7,48
1998,129,1998-11-04,5461,true,0,1,0,48
1998,130,1998-11-05,5462,true,2,1,6,48
1998,131,1998-11-06,5463,false,0,1,0,48
1998,132,1998-11-10,5464,false,1,1,3,48
1998,133,1998-11-11,5465,true,8,1,25,48
1998,134,1998-11-13,5466,false,0,1,0,48
1998,135,1998-11-17,5467,false,1,1,3,48
1998,136,1998-11-18,5468,true,1,1,3,48
1998,137,1998-11-20,5469,false,0,1,0,48
1998,138,1998-11-24,5470,false,1,1,3,48
1998,139,1998-11-25,5471,true,0,1,0,48
1998,140,1998-11-27,5472,false,0,1,0,48
1998,141,1998-12-01,5473,false,0,1,0,48
1998,142,1998-12-02,5474,true,1,1,4,48
1998,143,1998-12-04,5475,false,0,1,0,48
1998,144,1998-12-08,5476,false,0,1,0,48
1998,145,1998-12-09,5477,true,1,1,4,48
1998,146,1998-12-11,5478,false,1,1,4,48
1998,147,1998-12-15,5479,false,0,1,0,48
1998,148,1998-12-16,5480,true,0,1,0,48
1998,149,1998-12-17,5481,true,1,1,3,48
1998,150,1998-12-17,5482,true,0,1,0,48
1998,151,1998-12-18,5483,false,1,1,4,48
1998,152,1998-12-22,5484,false,2,1,7,48
1998,153,1998-12-23,5485,true,11,1,33,48
1998,154,1998-12-28,5487,true,3,1,10,48
1998,155,1998-12-29,5488,false,0,1,0,48
1998,156,1998-12-30,5489,true,0,1,0,48
1999,1,1999-01-05,4631,false,0,1,0,48
1999,2,1999-01-08,4632,false,1,1,4,48
1999,3,1999-01-12,4633,false,0,1,0,48
1999,4,1999-01-15,4634,false,1,1,4,48
1999,5,1999-01-19,4635,false,1,1,4,48
1999,6,1999-01-22,4636,false,0,1,0,48
1999,7,1999-01-26,4637,false,1,1,3,48
1999,8,1999-01-29,4638,false,3,1,11,48
1999,9,1999-02-02,4639,false,2,1,8,48
1999,10,1999-02-05,4640,false,2,1,7,48
1999,11,1999-02-09,4641,false,0,1,0,48
1999,12,1999-02-12,4642,false,4,1,13,48
1999,13,1999-02-16,4643,false,1,1,4,48
1999,14,1999-02-16,4644,true,0,1,0,48
1999,15,1999-02-19,4645,false,3,1,12,48
1999,16,1999-02-23,4646,false,1,1,4,48
1999,17,1999-02-25,4647,true,0,1,0,48
1999,18,1999-02-26,4648,false,2,1,6,48
1999,19,1999-03-02,4649,false,2,1,7,48
1999,20,1999-03-05,4650,false,3,1,10,48
1999,21,1999-03-09,4744,false,0,1,0,48
1999,22,1999-03-11,4745,true,0,1,0,48
1999,23,1999-03-12,4746,false,2,1,6,48
1999,24,1999-03-16,4747,false,0,1,0,48
1999,25,1999-03-19,4748,false,1,1,4,48
1999,26,1999-03-23,4759,false,1,1,3,48
1999,27,1999-03-26,4760,false,1,1,4,48
1999,28,1999-03-29,4761,true,0,1,0,48
1999,29,1999-03-30,4762,false,2,1,7,48
1999,30,1999-04-02,4763,false,4,1,12,48
1999,31,1999-04-06,4766,false,1,1,4,48
1999,32,1999-04-08,4767,true,0,1,0,48
1999,33,1999-04-09,4768,false,3,1,10,48
1999,34,1999-04-13,4769,false,3,1,11,48
1999,35,1999-04-16,4770,false,2,1,6,48
1999,36,1999-04-20,4771,false,0,1,0,48
1999,37,1999-04-22,4772,true,0,1,0,48
1999,38,1999-04-23,4773,false,1,1,3,48
1999,39,1999-04-27,4774,false,1,1,4,48
1999,40,1999-04-30,4889,false,1,1,4,48
1999,41,1999-05-04,4890,false,1,1,3,48
1999,42,1999-05-05,4891,true,3,1,9,48
1999,43,1999-05-11,4892,false,0,1,0,48
1999,44,1999-05-12,4893,true,1,1,3,48
1999,45,1999-05-14,4894,false,1,1,4,48
1999,46,1999-05-18,4895,false,1,1,4,48
1999,47,1999-05-21,4896,false,1,1,4,48
1999,48,1999-05-25,4897,false,0,1,0,48
1999,49,1999-05-28,4898,false,1,1,3,48
1999,50,1999-06-01,4899,false,2,1,7,48
1999,51,1999-06-04,4900,false,4,1,13,48
1999,52,1999-06-08,4901,false,0,1,0,48
1999,53,1999-06-11,4902,false,1,1,3,48
1999,54,1999-06-15,4903,false,3,1,12,48
1999,55,1999-06-18,4904,false,1,1,4,48
1999,56,1999-06-22,4905,false,4,1,13,48
1999,57,1999-06-25,4906,false,2,1,7,48
1999,58,1999-06-26,4962,true,0,1,0,48
1999,59,1999-06-29,4963,false,0,1,0,48
1999,60,1999-07-02,4964,false,8,1,29,48
1999,61,1999-07-06,4975,false,0,1,0,48
1999,62,1999-07-09,5030,false,3,1,10,48
1999,63,1999-07-13,5031,false,1,1,4,48
1999,64,1999-07-16,5032,false,2,1,6,48
1999,65,1999-07-20,5090,false,2,1,6,48
1999,66,1999-07-23,5091,false,2,1,7,48
1999,67,1999-07-27,5092,false,14,1,43,48
1999,68,1999-07-30,5109,false,3,1,9,48
1999,69,1999-08-03,5116,false,8,1,25,48
1999,70,1999-08-06,5117,false,3,1,9,48
1999,71,1999-08-10,5118,false,0,1,0,48
1999,72,1999-08-13,5149,false,1,1,4,48
1999,73,1999-08-17,5150,false,2,1,8,48
1999,74,1999-08-20,5151,false,0,1,0,48
1999,75,1999-08-24,5152,false,2,1,7,48
1999,76,1999-08-27,5173,false,1,1,4,48
1999,77,1999-08-31,5174,false,0,1,0,48
1999,78,1999-09-03,5175,false,0,1,0,48
1999,79,1999-09-07,5205,false,0,1,0,48
1999,80,1999-09-10,5206,false,1,1,4,48
1999,81,1999-09-14,5207,false,10,1,32,48
1999,82,1999-09-17,5208,false,2,1,7,48
1999,83,1999-09-21,5285,false,4,1,12,48
1999,84,1999-09-24,5286,false,1,1,3,48
1999,85,1999-09-28,5287,false,2,1,7,48
1999,86,1999-10-01,5288,false,3,1,9,48
1999,87,1999-10-05,5322,false,0,1,0,48
1999,88,1999-10-08,5323,false,2,1,7,48
1999,89,1999-10-12,5371,false,0,1,0,48
1999,90,1999-10-15,5372,false,5,1,15,48
1999,91,1999-10-19,5373,false,1,1,4,48
1999,92,1999-10-22,5386,false,0,1,0,48
1999,93,1999-10-26,5387,false,0,1,0,48
1999,94,1999-10-29,5427,false,1,1,4,48
1999,95,1999-11-02,5428,false,0,1,0,48
1999,96,1999-11-05,5429,false,3,1,9,48
1999,97,1999-11-09,5532,false,1,1,4,48
1999,98,1999-11-12,5533,false,3,1,10,48
1999,99,1999-11-16,5534,false,2,1,8,48
1999,100,1999-11-19,5553,false,0,1,0,48
1999,101,1999-11-23,5588,false,3,1,12,48
1999,102,1999-11-26,5605,false,0,1,0,48
1999,103,1999-11-30,5606,false,5,1,15,48
1999,104,1999-12-01,5589,true,0,1,0,48
1999,105,1999-12-02,5590,true,1,1,3,48
1999,106,1999-12-03,5578,false,0,1,0,48
1999,107,1999-12-07,5579,false,0,1,0,48
1999,108,1999-12-10,5554,false,2,1,8,48
1999,109,1999-12-14,5555,false,2,1,8,48
1999,110,1999-12-17,5556,false,4,1,12,48
1999,111,1999-12-21,5490,false,4,1,14,48
1999,112,1999-12-23,5491,true,2,1,6,48
1999,113,1999-12-28,5492,false,11,1,33,48
1999,114,1999-12-30,5493,true,7,1,22,48
1999,115,1999-12-30,5512,true,0,1,0,48
2000,1,2000-01-04,4097,false,7,1,14,48
2000,2,2000-01-07,4098,false,1,1,4,48
2000,3,2000-01-11,4099,false,0,1,0,48
2000,4,2000-01-14,4100,false,0,1,0,48
2000,5,2000-01-18,4101,false,1,1,3,48
2000,6,2000-01-21,4102,false,4,1,16,48
2000,7,2000-01-25,4103,false,1,1,4,48
2000,8,2000-01-28,4104,false,1,1,2,48
2000,9,2000-02-01,4105,false,6,1,14,48
2000,10,2000-02-04,4106,false,3,1,8,48
2000,11,2000-02-08,4108,false,0,1,0,48
2000,12,2000-02-11,4109,false,4,1,8,48
2000,13,2000-02-15,4110,false,1,1,4,48
2000,14,2000-02-18,4111,false,3,1,8,48
2000,15,2000-02-22,4112,false,1,1,4,48
2000,16,2000-02-25,4113,false,0,1,0,48
2000,17,2000-02-29,4117,false,1,1,4,48
2000,18,2000-03-07,4118,false,1,1,4,48
2000,19,2000-03-10,4137,false,2,1,6,48
2000,20,2000-03-14,4138,false,2,1,6,48
2000,21,2000-03-17,4139,false,5,1,17,48
2000,22,2000-03-21,4140,false,0,1,0,48
2000,23,2000-03-22,4141,true,1,1,4,48
2000,24,2000-03-24,4142,false,2,1,5,48
2000,25,2000-03-28,4143,false,0,1,0,48
2000,26,2000-03-29,4144,true,5,1,10,48
2000,27,2000-03-31,4145,false,1,1,2,48
2000,28,2000-04-04,4146,false,3,1,6,48
2000,29,2000-04-07,4147,false,2,1,5,48
2000,30,2000-04-11,4148,false,2,1,5,48
2000,31,2000-04-14,4150,false,4,1,16,48
2000,32,2000-04-18,4151,false,2,1,6,48
2000,33,2000-04-21,4195,false,1,1,2,48
2000,34,2000-04-25,4196,false,8,1,16,48
2000,35,2000-04-28,4197,false,1,1,4,48
2000,36,2000-05-02,4198,false,3,1,8,48
2000,37,2000-05-05,4199,false,1,1,2,48
2000,38,2000-05-09,4200,false,0,1,0,48
2000,39,2000-05-12,4201,false,2,1,6,48
2000,40,2000-05-16,4207,false,1,1,4,48
2000,41,2000-05-19,4208,false,0,1,0,48
2000,42,2000-05-23,4209,false,1,1,3,48
2000,43,2000-05-26,4210,false,3,1,10,48
2000,44,2000-05-30,4247,false,0,1,0,48
2000,45,2000-06-02,4248,false,1,1,4,48
2000,46,2000-06-06,4249,false,0,1,0,48
2000,47,2000-06-09,4250,false,2,1,7,48
2000,48,2000-06-13,4251,false,8,1,26,48
2000,49,2000-06-16,4269,false,4,1,10,48
2000,50,2000-06-20,4270,false,2,1,8,48
2000,51,2000-06-23,4284,false,1,1,2,48
2000,52,2000-06-27,4285,false,2,1,7,48
2000,53,2000-06-30,4286,false,2,1,8,48
2000,54,2000-07-04,4287,false,2,1,6,48
2000,55,2000-07-07,4288,false,3,1,7,48
2000,56,2000-07-11,4289,false,0,1,0,48
2000,57,2000-07-14,4290,false,4,1,9,48
2000,58,2000-07-18,4291,false,0,1,0,48
2000,59,2000-07-21,4292,false,1,1,2,48
2000,60,2000-07-21,4293,true,0,1,0,48
2000,61,2000-07-25,4304,false,2,1,8,48
2000,62,2000-07-28,4305,false,2,1,8,48
2000,63,2000-08-01,4310,false,7,1,19,48
2000,64,2000-08-04,4311,false,7,1,18,48
2000,65,2000-08-08,4312,false,4,1,11,48
2000,66,2000-08-11,4313,false,1,1,4,48
2000,67,2000-08-15,4314,false,0,1,0,48
2000,68,2000-08-18,4317,false,0,1,0,48
2000,69,2000-08-22,4318,false,1,1,4,48
2000,70,2000-08-25,4319,false,1,1,4,48
2000,71,2000-08-29,4324,false,0,1,0,48
2000,72,2000-09-01,4325,false,0,1,0,48
2000,73,2000-09-05,4326,false,0,1,0,48
2000,74,2000-09-08,4327,false,0,1,0,48
2000,75,2000-09-12,4334,false,0,1,0,48
2000,76,2000-09-15,4335,false,0,1,0,48
2000,77,2000-09-19,4336,false,0,1,0,48
2000,78,2000-09-26,4337,false,2,1,4,48
2000,79,2000-09-29,4347,false,4,1,12,48
2000,80,2000-10-03,4348,false,1,1,2,48
2000,81,2000-10-06,4349,false,5,1,12,48
2000,82,2000-10-09,4350,true,0,1,0,48
2000,83,2000-10-10,4372,false,4,1,16,48
2000,84,2000-10-13,4373,false,3,1,10,48
2000,85,2000-10-17,4374,false,2,1,6,48
2000,86,2000-10-20,4375,false,2,1,6,48
2000,87,2000-10-24,4376,false,2,1,7,48
2000,88,2000-10-27,4377,false,5,1,18,48
2000,89,2000-10-31,4378,false,4,1,15,48
2000,90,2000-11-03,4379,false,2,1,7,48
2000,91,2000-11-07,4380,false,0,1,0,48
2000,92,2000-11-10,4381,false,7,1,14,48
2000,93,2000-11-14,4382,false,1,1,4,48
2000,94,2000-11-17,4383,false,0,1,0,48
2000,95,2000-11-21,4411,false,3,1,12,48
2000,96,2000-11-24,4412,false,1,1,3,48
2000,97,2000-11-28,4431,false,3,1,8,48
2000,98,2000-12-01,4432,false,7,1,24,48
2000,99,2000-12-05,4436,false,2,1,6,48
2000,100,2000-12-08,4437,false,2,1,7,48
2000,101,2000-12-12,4438,false,1,1,4,48
2000,102,2000-12-15,4439,false,2,1,4,48
2000,103,2000-12-16,4474,true,0,1,0,48
2000,104,2000-12-16,4476,true,0,1,0,48
2000,105,2000-12-19,4477,false,1,1,4,48
2000,106,2000-12-22,4482,false,3,1,10,48
2000,107,2000-12-28,4483,true,4,1,12,48
2000,108,2000-12-29,4484,false,5,1,10,48
2001,1,2001-01-02,3718,false,4,1,8,48
2001,2,2001-01-05,3721,false,1,1,4,48
2001,3,2001-01-09,3724,false,0,1,0,48
2001,4,2001-01-12,3725,false,7,1,23,48
2001,5,2001-01-16,3726,false,1,1,3,48
2001,6,2001-01-19,3727,false,2,1,8,48
2001,7,2001-01-23,3728,false,0,1,0,48
2001,8,2001-01-26,3729,false,5,1,18,48
2001,9,2001-01-30,3730,false,5,1,20,48
2001,10,2001-02-02,3731,false,1,1,4,48
2001,11,2001-02-06,3732,false,3,1,12,48
2001,12,2001-02-09,3733,false,3,1,10,48
2001,13,2001-02-10,3738,true,1,1,4,48
2001,14,2001-02-13,3739,false,0,1,0,48
2001,15,2001-02-16,3740,false,0,1,0,48
2001,16,2001-02-20,3741,false,3,1,11,48
2001,17,2001-02-23,3742,false,3,1,10,48
2001,18,2001-02-27,3743,false,1,1,4,48
2001,19,2001-03-02,3744,false,3,1,10,48
2001,20,2001-03-06,3745,false,1,1,4,48
2001,21,2001-03-07,3746,true,1,1,3,48
2001,22,2001-03-09,3747,false,1,1,2,48
2001,23,2001-03-09,3752,true,0,1,0,48
2001,24,2001-03-13,3753,false,1,1,4,48
2001,25,2001-03-16,3754,false,6,1,12,48
2001,26,2001-03-20,3755,false,3,1,8,48
2001,27,2001-03-21,3756,true,0,1,0,48
2001,28,2001-03-23,3757,false,4,1,12,48
2001,29,2001-03-27,3758,false,0,1,0,48
2001,30,2001-03-28,3759,true,3,1,12,48
2001,31,2001-03-30,3760,false,2,1,7,48
2001,32,2001-04-03,3761,false,1,1,2,48
2001,33,2001-04-04,3762,true,2,1,8,48
2001,34,2001-04-06,3763,false,7,1,14,48
2001,35,2001-04-10,3764,false,3,1,10,48
2001,36,2001-04-12,3765,true,4,1,14,48
2001,37,2001-04-13,3766,false,2,1,6,48
2001,38,2001-04-17,3767,false,2,1,4,48
2001,39,2001-04-18,3768,true,1,1,4,48
2001,40,2001-04-20,3769,false,1,1,4,48
2001,41,2001-04-24,3770,false,16,1,38,48
2001,42,2001-04-27,3771,false,6,1,13,48
2001,43,2001-05-04,3772,false,0,1,0,48
2001,44,2001-05-08,3773,false,4,1,14,48
2001,45,2001-05-11,3774,false,0,1,0,48
2001,46,2001-05-15,3775,false,1,1,4,48
2001,47,2001-05-18,3776,false,0,1,0,48
2001,48,2001-05-22,3777,false,0,1,0,48
2001,49,2001-05-29,3778,false,1,1,4,48
2001,50,2001-06-01,3779,false,3,1,12,48
2001,51,2001-06-05,3780,false,5,1,16,48
2001,52,2001-06-08,3781,false,1,1,4,48
2001,53,2001-06-12,3782,false,3,1,11,48
2001,54,2001-06-15,3783,false,4,1,15,48
2001,55,2001-06-19,3784,false,2,1,8,48
2001,56,2001-06-22,3785,false,0,1,0,48
2001,57,2001-06-26,3786,false,2,1,7,48
2001,58,2001-06-29,3787,false,2,1,7,48
2001,59,2001-07-03,3788,false,2,1,7,48
2001,60,2001-07-06,3789,false,0,1,0,48
2001,61,2001-07-10,3790,false,3,1,10,48
2001,62,2001-07-13,3791,false,5,1,17,48
2001,63,2001-07-17,3792,false,1,1,4,48
2001,64,2001-07-20,3793,false,2,1,8,48
2001,65,2001-07-24,3794,false,2,1,7,48
2001,66,2001-07-27,3795,false,2,1,7,48
2001,67,2001-07-31,3796,false,1,1,4,48
2001,68,2001-08-03,3797,false,4,1,13,48
2001,69,2001-08-07,3798,false,5,1,18,48
2001,70,2001-08-10,3799,false,0,1,0,48
2001,71,2001-08-14,3800,false,1,1,4,48
2001,72,2001-08-17,3801,false,0,1,0,48
2001,73,2001-08-21,3802,false,1,1,3,48
2001,74,2001-08-24,3803,false,2,1,6,48
2001,75,2001-08-28,3804,false,1,1,4,48
2001,76,2001-08-31,3805,false,0,1,0,48
2001,77,2001-09-04,3806,false,0,1,0,48
2001,78,2001-09-11,3807,false,1,1,3,48
2001,79,2001-09-14,3840,false,0,1,0,48
2001,80,2001-09-18,3841,false,0,1,0,48
2001,81,2001-09-21,3842,false,0,1,0,48
2001,82,2001-09-25,3843,false,3,1,12,48
2001,83,2001-09-26,3844,true,0,1,0,48
2001,84,2001-09-28,3845,false,0,1,0,48
2001,85,2001-10-02,3846,false,1,1,4,48
2001,86,2001-10-05,3847,false,1,1,4,48
2001,87,2001-10-09,3848,false,3,1,9,48
2001,88,2001-10-12,3849,false,4,1,12,48
2001,89,2001-10-16,3850,false,0,1,0,48
2001,90,2001-10-19,3851,false,0,1,0,48
2001,91,2001-10-23,3852,false,1,1,3,48
2001,92,2001-10-26,3853,false,1,1,4,48
2001,93,2001-10-30,3886,false,1,1,4,48
2001,94,2001-11-02,3887,false,1,1,3,48
2001,95,2001-11-06,3888,false,0,1,0,48
2001,96,2001-11-09,3889,false,3,1,9,48
2001,97,2001-11-13,3891,false,3,1,7,48
2001,98,2001-11-16,3892,false,2,1,4,48
2001,99,2001-11-20,3896,false,3,1,8,48
2001,100,2001-11-21,3897,true,0,1,0,48
2001,101,2001-11-23,3924,false,4,1,11,48
2001,102,2001-11-27,3925,false,1,1,2,48
2001,103,2001-11-29,3926,true,0,1,0,48
2001,104,2001-11-30,3927,false,1,1,4,48
2001,105,2001-12-04,3945,false,0,1,0,48
2001,106,2001-12-07,3946,false,1,1,4,48
2001,107,2001-12-11,3947,false,4,1,14,48
2001,108,2001-12-14,3948,false,5,1,13,48
2001,109,2001-12-18,3992,false,1,1,2,48
2001,110,2001-12-21,3993,false,4,1,10,48
2001,111,2001-12-28,3994,false,7,1,16,48
2001,112,2001-12-29,3995,true,9,1,22,48
2002,1,2002-01-04,3546,false,5,1,10,48
2002,2,2002-01-08,3547,false,2,1,8,48
2002,3,2002-01-09,3548,true,0,1,0,48
2002,4,2002-01-11,3549,false,3,1,11,48
2002,5,2002-01-14,3550,true,1,1,4,48
2002,6,2002-01-15,3551,false,0,1,0,48
2002,7,2002-01-18,3552,false,1,1,3,48
2002,8,2002-01-22,3553,false,7,1,28,48
2002,9,2002-01-25,3554,false,1,1,3,48
2002,10,2002-01-29,3555,false,1,1,2,48
2002,11,2002-01-31,3556,true,2,1,6,48
2002,12,2002-02-01,3557,false,0,1,0,48
2002,13,2002-02-05,3558,false,1,1,3,48
2002,14,2002-02-07,3559,true,0,1,0,48
2002,15,2002-02-08,3560,false,3,1,12,48
2002,16,2002-02-12,3561,false,2,1,8,48
2002,17,2002-02-13,3562,true,0,1,0,48
2002,18,2002-02-15,3563,false,0,1,0,48
2002,19,2002-02-19,3564,false,6,1,24,48
2002,20,2002-02-22,3565,false,0,1,0,48
2002,21,2002-02-26,3566,false,3,1,11,48
2002,22,2002-02-27,3567,true,0,1,0,48
2002,23,2002-03-01,3568,false,3,1,8,48
2002,24,2002-03-05,3569,false,3,1,11,48
2002,25,2002-03-08,3570,false,4,1,12,48
2002,26,2002-03-12,3571,false,2,1,6,48
2002,27,2002-03-15,3573,false,1,1,3,48
2002,28,2002-03-19,3574,false,12,1,26,48
2002,29,2002-03-20,3575,true,0,1,0,48
2002,30,2002-03-22,3576,false,3,1,12,48
2002,31,2002-03-26,3577,false,0,1,0,48
2002,32,2002-03-29,3578,false,2,1,6,48
2002,33,2002-04-02,3579,false,0,1,0,48
2002,34,2002-04-03,3580,true,0,1,0,48
2002,35,2002-04-05,3581,false,1,1,4,48
2002,36,2002-04-09,3582,false,1,1,4,48
2002,37,2002-04-10,3583,true,0,1,0,48
2002,38,2002-04-12,3584,false,1,1,3,48
2002,39,2002-04-16,3585,false,2,1,7,48
2002,40,2002-04-19,3586,false,2,1,6,48
2002,41,2002-04-23,3587,false,0,1,0,48
2002,42,2002-04-24,3588,true,0,1,0,48
2002,43,2002-04-26,3589,false,4,1,10,48
2002,44,2002-04-29,3590,true,2,1,8,48
2002,45,2002-04-30,3591,false,21,1,42,48
2002,46,2002-05-07,3592,false,5,1,11,48
2002,47,2002-05-10,3594,false,7,1,14,48
2002,48,2002-05-14,3595,false,1,1,4,48
2002,49,2002-05-17,3593,false,1,1,4,48
2002,50,2002-05-18,3596,true,0,1,0,48
2002,51,2002-05-21,3597,false,0,1,0,48
2002,52,2002-05-23,3598,true,0,1,0,48
2002,53,2002-05-28,3599,false,1,1,2,48
2002,54,2002-05-31,3600,false,10,1,24,48
2002,55,2002-06-04,3601,false,3,1,12,48
2002,56,2002-06-07,3602,false,2,1,4,48
2002,57,2002-06-11,3603,false,1,1,4,48
2002,58,2002-06-12,3604,true,0,1,0,48
2002,59,2002-06-14,3605,false,0,1,0,48
2002,60,2002-06-18,3606,false,0,1,0,48
2002,61,2002-06-21,3607,false,3,1,6,48
2002,62,2002-06-25,3608,false,2,1,4,48
2002,63,2002-06-28,3609,false,5,1,12,48
2002,64,2002-07-02,3610,false,2,1,8,48
2002,65,2002-07-05,3611,false,0,1,0,48
2002,66,2002-07-09,3644,false,1,1,2,48
2002,67,2002-07-12,3645,false,2,1,7,48
2002,68,2002-07-16,3646,false,1,1,3,48
2002,69,2002-07-17,3647,true,0,1,0,48
2002,70,2002-07-19,3648,false,1,1,4,48
2002,71,2002-07-23,3649,false,3,1,11,48
2002,72,2002-07-25,3650,true,0,1,0,48
2002,73,2002-07-26,3651,false,0,1,0,48
2002,74,2002-07-30,3652,false,9,1,24,48
2002,75,2002-08-02,3653,false,4,1,8,48
2002,76,2002-08-06,3654,false,5,1,14,48
2002,77,2002-08-09,3655,false,5,1,10,48
2002,78,2002-08-13,3716,false,2,1,4,48
2002,79,2002-08-16,3717,false,2,1,5,48
2002,80,2002-08-20,3719,false,2,1,8,48
2002,81,2002-08-23,3720,false,2,1,7,48
2002,82,2002-08-27,3722,false,2,1,8,48
2002,83,2002-08-30,3723,false,0,1,0,48
2002,84,2002-09-03,3748,false,0,1,0,48
2002,85,2002-09-05,3749,true,1,1,4,48
2002,86,2002-09-10,3750,false,1,1,4,48
2002,87,2002-09-13,3751,false,1,1,4,48
2002,88,2002-09-17,3860,false,0,1,0,48
2002,89,2002-09-20,3861,false,1,1,4,48
2002,90,2002-09-24,3862,false,1,1,2,48
2002,91,2002-09-25,3863,true,7,1,14,48
2002,92,2002-09-27,3864,false,2,1,4,48
2002,93,2002-10-01,3865,false,3,1,6,48
2002,94,2002-10-04,3866,false,1,1,4,48
2002,95,2002-10-08,3880,false,3,1,12,48
2002,96,2002-10-11,3881,false,6,1,18,48
2002,97,2002-10-15,3890,false,2,1,8,48
2002,98,2002-10-18,3893,false,1,1,2,48
2002,99,2002-10-22,3894,false,5,1,12,48
2002,100,2002-10-25,3895,false,1,1,4,48
2002,101,2002-10-29,3920,false,2,1,4,48
2002,102,2002-11-01,3921,false,1,1,2,48
2002,103,2002-11-05,3922,false,2,1,6,48
2002,104,2002-11-06,3923,true,0,1,0,48
2002,105,2002-11-08,3941,false,3,1,10,48
2002,106,2002-11-12,3942,false,0,1,0,48
2002,107,2002-11-15,3943,false,1,1,2,48
2002,108,2002-11-19,3944,false,2,1,8,48
2002,109,2002-11-20,3980,true,0,1,0,48
2002,110,2002-11-22,3981,false,1,1,4,48
2002,111,2002-11-26,3982,false,1,1,4,48
2002,112,2002-11-29,3983,false,3,1,6,48
2002,113,2002-12-03,3984,false,2,1,6,48
2002,114,2002-12-06,3985,false,0,1,0,48
2002,115,2002-12-10,3986,false,7,1,26,48
2002,116,2002-12-13,3987,false,2,1,8,48
2002,117,2002-12-17,3988,false,1,1,4,48
2002,118,2002-12-20,3989,false,3,1,9,48
2002,119,2002-12-27,3990,false,5,1,12,48
2002,120,2002-12-29,3991,true,16,1,32,48
TOTAL,,,,,1542,1583,4827,75984
